{
  "format_version": "1.16.100",
  "minecraft:item": {
    "description": {
      "identifier": "zk:healingwandp",
      "category": "Equipment"
    },
    "components": {
      "minecraft:display_name": {
        "value": "治療法杖"
      },
      "minecraft:creative_category": {
        "parent": "itemGroup.name.tools"
      },
      "minecraft:stacked_by_data": true,
      "minecraft:cooldown": {
        "category": "reload",
        "duration": 1.5
      },
      "minecraft:food": {
        "can_always_eat": true
      },
      "minecraft:allow_off_hand": false,
      "minecraft:hand_equipped": true,
      "minecraft:use_animation": "bow",
      "minecraft:use_duration": 999999.0,
      "minecraft:max_stack_size": 1,
      "minecraft:icon": {
        "texture": "zk_healingwandp"
      },
      "minecraft:render_offsets": {
        "main_hand": {
          "third_person": {
            "scale": [
              0.05,
              0.05,
              0.05
            ]
          },
          "first_person": {
            "scale": [
              0.018999999999988602,
              0.018999999999988602,
              0.018999999999988602
            ]
          }
        },
        "off_hand": {
          "third_person": {
            "scale": [
              0.05,
              0.05,
              0.05
            ]
          },
          "first_person": {
            "scale": [
              0.018999999999988602,
              0.018999999999988602,
              0.018999999999988602
            ]
          }
        }
      }
    }
  }
}