{"format_version":"1.16.100","minecraft:item":{"description":{"category":"equipment","identifier":"zk:regenerationwand"},"components":{"minecraft:icon":{"texture":"zk_regenerationwand"},"minecraft:creative_category":{"parent":"itemGroup.name.sword"},"minecraft:max_stack_size":1,"minecraft:hand_equipped":true,"minecraft:allow_off_hand":true,"minecraft:foil":true,"minecraft:durability":{"max_durability":3000,"damage_chance":{"min":60,"max":100}},"minecraft:repairable":{"repair_items":[{"items":["minecraft:netherite_ingot"],"repair_amount":2500},{"items":["minecraft:netherite_scrap"],"repair_amount":800},{"items":["zk:regenerationwand"],"repair_amount":"context.other->query.remaining_durability + 0.2 * context.other->query.max_durability"}]},"minecraft:mining_speed":1,"minecraft:damage":5,"minecraft:enchantable":{"value":15,"slot":"sword"},"minecraft:can_destroy_in_creative":true,"minecraft:weapon":{"on_hurt_entity":{"event":"hurt"},"on_not_hurt_entity":{"event":"hurt"},"on_hit_block":{"event":"hurt"}},"minecraft:on_use":{"on_use":{"event":"on_use_event"}},"minecraft:render_offsets":{"main_hand":{"third_person":{"scale":[0.05,0.05,0.05]},"first_person":{"scale":[0.018999999999988602,0.018999999999988602,0.018999999999988602]}},"off_hand":{"third_person":{"scale":[0.05,0.05,0.05]},"first_person":{"scale":[0.018999999999988602,0.018999999999988602,0.018999999999988602]}}},"tag:minecraft:is_sword":{},"minecraft:display_name":{"value":"回血法杖"},"minecraft:cooldown":{"category":"action_cooldown","duration":60}},"events":{"on_use_event":{"sequence":[{"run_command":{"command":["function Regen"],"target":"self"}},{"damage":{"type":"magic","amount":1,"target":"self"}}]},"hurt":{"damage":{"type":"magic","amount":1,"target":"self"}}}}}