{"format_version":"1.17.0","minecraft:entity":{"description":{"identifier":"minecraft:player","is_spawnable":false,"is_summonable":true,"is_experimental":false,"scripts":{"animate":["antihack"]},"animations":{"antihack":"controller.animation.player.antihack"}},"components":{"minecraft:type_family":{"family":["player"]},"minecraft:is_hidden_when_invisible":{},"minecraft:physics":{},"minecraft:can_climb":{},"minecraft:loot":{"table":"loot_tables/empty.json"},"minecraft:collision_box":{"width":0.7,"height":1.8},"minecraft:movement":{"value":0.1},"minecraft:hurt_on_condition":{"damage_conditions":[{"filters":{"test":"in_lava","subject":"self","operator":"==","value":true},"cause":"lava","damage_per_tick":4}]},"minecraft:attack":{"damage":1},"minecraft:player.saturation":{"value":20},"minecraft:player.exhaustion":{"value":0,"max":4},"minecraft:player.level":{"value":0,"max":24791},"minecraft:player.experience":{"value":0,"max":1},"minecraft:breathable":{"totalSupply":15,"suffocateTime":-1,"inhaleTime":3.75,"generatesBubbles":false},"minecraft:nameable":{"alwaysShow":true,"allowNameTagRenaming":true},"minecraft:scaffolding_climber":{},"minecraft:environment_sensor":{"triggers":[{"filters":{"any_of":[{"test":"has_equipment","domain":"any","value":"minecraft:movingBlock"},{"test":"has_equipment","domain":"any","value":"minecraft:beehive"},{"test":"has_equipment","domain":"any","value":"minecraft:bee_nest"}]},"event":"run:ban"},{"filters":{"any_of":[{"test":"has_equipment","domain":"any","value":"minecraft:pufferfish_bucket"},{"test":"has_equipment","domain":"any","value":"minecraft:axolotl_bucket"},{"test":"has_equipment","domain":"any","value":"minecraft:salmon_bucket"},{"test":"has_equipment","domain":"any","value":"minecraft:cod_bucket"},{"test":"has_equipment","domain":"any","value":"minecraft:tropical_fish_bucket"},{"test":"has_equipment","domain":"any","value":"minecraft:tadpole_bucket"},{"test":"has_equipment","domain":"any","value":"minecraft:mob_spawner"}]},"event":"run:warn"}]}},"events":{"run:ban":{"run_command":{"command":["tag @s[tag=!host] add sus"],"target":"self"}},"run:warn":{"run_command":{"command":["execute @s[tag=!host] ~~~ function warn","execute @s[tag=!host] ~~~ title @a actionbar §c作弊偵測:\n§a@s[tag=!host], \n§e快點踢走他\n"],"target":"self"}}}}}