{
    "format_version": "1.10.0",
    "animation_controllers": {
        "controller.animation.killaura.execute_commands": {
            "states": {
                "default": {
                    "transitions": [
                        {
                            "execute_command_id_1": "query.skin_id == 1"
                        }
                    ]
                },
                "execute_command_id_1": {
                    "transitions": [
                        {
                            "default": "query.skin_id != 1"
                        }
                    ],
                    "on_entry": [
                        "/scoreboard players add @p killauravl 1",
                        "/tellraw @a[tag=notify] {\"rawtext\":[{\"text\":\"§r§4[§6Paradox§4]§r \"},{\"selector\":\"@p\"},{\"text\":\" §6has failed §7(Combat) §4KillAura/A. VL= \"},{\"score\":{\"name\":\"@p\",\"objective\":\"killauravl\"}}]}",
                        "@s remove_command_id_1"
                    ]
                }
            }
        }
    }
}
