{
    "format_version": "1.10.0",
    "animation_controllers": {
        "controller.animation.jump": {
            "states": {
                "default": {
                    "transitions": [
                        {
                            "jump": "query.is_jumping"
                        }
                    ],
                    "on_entry": ["/tag @s remove jump", "/tellraw @a[tag=packetlogger] {\"rawtext\":[{\"text\":\"§߈§r§4[§6Paradox§4]§r §bRecieved §6JUMP§r packet from: §g\"},{\"selector\":\"@s\"},{\"text\":\" §7(type=stop)\"}]}"]
                },
                "jump": {
                    "transitions": [
                        {
                            "default": "!query.is_jumping && query.is_on_ground"
                        }
                    ],
                    "on_entry": ["/tag @s add jump", "/tellraw @a[tag=packetlogger] {\"rawtext\":[{\"text\":\"§߈§r§4[§6Paradox§4]§r §bRecieved §6JUMP§r packet from: §g\"},{\"selector\":\"@s\"},{\"text\":\" §7(type=start)\"}]}"]
                }
            }
        },
        "controller.animation.glide": {
            "states": {
                "default": {
                    "transitions": [
                        {
                            "glide": "query.is_gliding"
                        }
                    ],
                    "on_entry": ["/tag @s remove gliding", "/tellraw @a[tag=packetlogger] {\"rawtext\":[{\"text\":\"§߈§r§4[§6Paradox§4]§r §bRecieved §6GLIDE§r packet from: §g\"},{\"selector\":\"@s\"},{\"text\":\" §7(type=stop)\"}]}"]
                },
                "glide": {
                    "transitions": [
                        {
                            "default": "!query.is_gliding"
                        }
                    ],
                    "on_entry": ["/tag @s add gliding", "/tellraw @a[tag=packetlogger] {\"rawtext\":[{\"text\":\"§߈§r§4[§6Paradox§4]§r §bRecieved §6GLIDE§r packet from: §g\"},{\"selector\":\"@s\"},{\"text\":\" §7(type=start)\"}]}"]
                }
            }
        },
        "controller.animation.levitate": {
            "states": {
                "default": {
                    "transitions": [
                        {
                            "levitate": "query.is_levitating"
                        }
                    ],
                    "on_entry": ["/tag @s remove levitating", "/tellraw @a[tag=packetlogger] {\"rawtext\":[{\"text\":\"§߈§r§4[§6Paradox§4]§r §bRecieved §6LEVITATE§r packet from: §g\"},{\"selector\":\"@s\"},{\"text\":\" §7(type=stop)\"}]}"]
                },
                "levitate": {
                    "transitions": [
                        {
                            "default": "!query.is_levitating"
                        }
                    ],
                    "on_entry": ["/tag @s add levitating", "/tellraw @a[tag=packetlogger] {\"rawtext\":[{\"text\":\"§߈§r§4[§6Paradox§4]§r §bRecieved §6LEVITATE§r packet from: §g\"},{\"selector\":\"@s\"},{\"text\":\" §7(type=start)\"}]}"]
                }
            }
        },
        "controller.animation.ground": {
            "states": {
                "default": {
                    "transitions": [
                        {
                            "ground": "query.is_on_ground"
                        }
                    ],
                    "on_entry": ["/tag @s remove ground", "/tellraw @a[tag=packetlogger] {\"rawtext\":[{\"text\":\"§߈§r§4[§6Paradox§4]§r §bRecieved §6GROUND§r packet from: §g\"},{\"selector\":\"@s\"},{\"text\":\" §7(type=stop)\"}]}"]
                },
                "ground": {
                    "transitions": [
                        {
                            "default": "!query.is_on_ground"
                        }
                    ],
                    "on_entry": ["/tag @s add ground", "/tellraw @a[tag=packetlogger] {\"rawtext\":[{\"text\":\"§߈§r§4[§6Paradox§4]§r §bRecieved §6GROUND§r packet from: §g\"},{\"selector\":\"@s\"},{\"text\":\" §7(type=start)\"}]}"]
                }
            }
        },
        "controller.animation.death": {
            "states": {
                "default": {
                    "transitions": [
                        {
                            "dead": "!query.is_alive"
                        }
                    ],
                    "on_entry": ["/tag @s remove dead", "/tellraw @a[tag=packetlogger] {\"rawtext\":[{\"text\":\"§߈§r§4[§6Paradox§4]§r §bRecieved §6DEATH§r packet from: §g\"},{\"selector\":\"@s\"},{\"text\":\" §7(type=stop)\"}]}"]
                },
                "dead": {
                    "transitions": [
                        {
                            "default": "query.is_alive"
                        }
                    ],
                    "on_entry": [
                        "/tag @s remove speedtest",
                        "/tag @s remove speedtest2",
                        "/scoreboard players set @s timer 0",
                        "/tag @p remove attack",
                        "/tag @p remove left",
                        "/tag @s add dead",
                        "/tag @s remove moving",
                        "/tellraw @a[tag=packetlogger] {\"rawtext\":[{\"text\":\"§߈§r§4[§6Paradox§4]§r §bRecieved §6DEATH§r packet from: §g\"},{\"selector\":\"@s\"},{\"text\":\" §7(type=start)\"}]}",
                        "/tellraw @s[scores={gametestapi=1..}] {\"rawtext\":[{\"text\":\"§r§4[§6Paradox§4]§r \"},{\"selector\":\"@s\"},{\"text\":\" died at X=\"},{\"score\":{\"name\":\"@s\",\"objective\":\"xPos\"}},{\"text\":\", Y=\"},{\"score\":{\"name\":\"@s\",\"objective\":\"yPos\"}},{\"text\":\", Z=\"},{\"score\":{\"name\":\"@s\",\"objective\":\"zPos\"}}]}"
                    ]
                }
            }
        },
        "controller.animation.ride": {
            "states": {
                "default": {
                    "transitions": [
                        {
                            "ride": "query.is_riding"
                        }
                    ],
                    "on_entry": ["/tag @s remove riding", "/tellraw @a[tag=packetlogger] {\"rawtext\":[{\"text\":\"§߈§r§4[§6Paradox§4]§r §bRecieved §6RIDE§r packet from: §g\"},{\"selector\":\"@s\"},{\"text\":\" §7(type=stop)\"}]}"]
                },
                "ride": {
                    "transitions": [
                        {
                            "default": "!query.is_riding"
                        }
                    ],
                    "on_entry": [
                        "/tag @s add riding",
                        "/tag @s remove speedtest2",
                        "/scoreboard players set @s timer 0",
                        "/tellraw @a[tag=packetlogger] {\"rawtext\":[{\"text\":\"§߈§r§4[§6Paradox§4]§r §bRecieved §6RIDE§r packet from: §g\"},{\"selector\":\"@s\"},{\"text\":\" §7(type=start)\"}]}"
                    ]
                }
            }
        },
        "controller.animation.left": {
            "states": {
                "default": {
                    "transitions": [
                        {
                            "left": "variable.attack_time"
                        }
                    ],
                    "on_entry": [
                        "/tag @s remove left",
                        "/scoreboard players set @s last_attack 0",
                        "/tellraw @a[tag=packetlogger] {\"rawtext\":[{\"text\":\"§߈§r§4[§6Paradox§4]§r §bRecieved §6LEFT§r packet from: §g\"},{\"selector\":\"@s\"},{\"text\":\" §7(type=stop)\"}]}"
                    ]
                },
                "left": {
                    "transitions": [
                        {
                            "default": "!variable.attack_time"
                        }
                    ],
                    "on_entry": [
                        "/tag @s add left",
                        "/scoreboard players set @s last_attack 0",
                        "/tellraw @a[tag=packetlogger] {\"rawtext\":[{\"text\":\"§߈§r§4[§6Paradox§4]§r §bRecieved §6LEFT§r packet from: §g\"},{\"selector\":\"@s\"},{\"text\":\" §7(type=start)\"}]}"
                    ]
                }
            }
        },
        "controller.animation.right": {
            "states": {
                "default": {
                    "transitions": [
                        {
                            "right": "query.is_using_item"
                        }
                    ],
                    "on_entry": [
                        "/tag @s remove right",
                        "/tellraw @a[tag=packetlogger] {\"rawtext\":[{\"text\":\"§߈§r§4[§6Paradox§4]§r §bRecieved §6RIGHT§r packet from: §g\"},{\"selector\":\"@s\"},{\"text\":\" §7(type=stop,ticks=\"},{\"score\":{\"name\":\"@s\",\"objective\":\"right\"}},{\"text\":\")\"}]}",
                        "/scoreboard players set @s right 0"
                    ]
                },
                "right": {
                    "transitions": [
                        {
                            "default": "!query.is_using_item"
                        }
                    ],
                    "on_entry": [
                        "/tag @s add right",
                        "/tellraw @a[tag=packetlogger] {\"rawtext\":[{\"text\":\"§߈§r§4[§6Paradox§4]§r §bRecieved §6RIGHT§r packet from: §g\"},{\"selector\":\"@s\"},{\"text\":\" §7(type=start,ticks=0)\"}]}",
                        "/scoreboard players add @s[tag=hasGUIopen] invmovevl 1",
                        "/execute as @s[tag=hasGUIopen] at @s run tellraw @a[tag=notify] {\"rawtext\":[{\"text\":\"§r§4[§6Paradox§4]§r \"},{\"selector\":\"@s\"},{\"text\":\" §6has failed §7(Movement) §4InventoryMods/C §7(is_using)§4. VL= \"},{\"score\":{\"name\":\"@s\",\"objective\":\"invmovevl\"}}]}"
                    ]
                }
            }
        },
        "controller.animation.sneak": {
            "states": {
                "default": {
                    "transitions": [
                        {
                            "sneak": "query.is_sneaking"
                        }
                    ],
                    "on_entry": ["/tag @s remove sneak", "/tellraw @a[tag=packetlogger] {\"rawtext\":[{\"text\":\"§߈§r§4[§6Paradox§4]§r §bRecieved §6SNEAK§r packet from: §g\"},{\"selector\":\"@s\"},{\"text\":\" §7(type=stop)\"}]}"]
                },
                "sneak": {
                    "transitions": [
                        {
                            "default": "!query.is_sneaking"
                        }
                    ],
                    "on_entry": ["/tag @s add sneak", "/tellraw @a[tag=packetlogger] {\"rawtext\":[{\"text\":\"§߈§r§4[§6Paradox§4]§r §bRecieved §6SNEAK§r packet from: §g\"},{\"selector\":\"@s\"},{\"text\":\" §7(type=start)\"}]}"]
                }
            }
        },
        "controller.animation.move": {
            "states": {
                "default": {
                    "transitions": [
                        {
                            "move": "query.is_moving"
                        }
                    ],
                    "on_entry": ["/tag @s remove moving", "/tellraw @a[tag=packetlogger,tag=packetlogger2] {\"rawtext\":[{\"text\":\"§߈§r§4[§6Paradox§4]§r §bRecieved §6MOVE§r packet from: §g\"},{\"selector\":\"@s\"},{\"text\":\" §7(type=stop)\"}]}"]
                },
                "move": {
                    "transitions": [
                        {
                            "default": "!query.is_moving"
                        }
                    ],
                    "on_entry": ["/tag @s add moving", "/tellraw @a[tag=packetlogger,tag=packetlogger2] {\"rawtext\":[{\"text\":\"§߈§r§4[§6Paradox§4]§r §bRecieved §6MOVE§r packet from: §g\"},{\"selector\":\"@s\"},{\"text\":\" §7(type=start)\"}]}"]
                }
            }
        },
        "controller.animation.enchanth": {
            "states": {
                "default": {
                    "transitions": [
                        {
                            "unenchanth": "query.armor_material_slot(0) == 0 || query.armor_material_slot(0) == 2"
                        },
                        {
                            "enchanth": "query.armor_material_slot(0) == 1 || query.armor_material_slot(0) == 3"
                        }
                    ]
                },
                "unenchanth": {
                    "transitions": [
                        {
                            "default": "(1.0)"
                        }
                    ],
                    "on_entry": ["/scoreboard players set @s ench_helmet 0"]
                },
                "enchanth": {
                    "transitions": [
                        {
                            "default": "(1.0)"
                        }
                    ],
                    "on_entry": ["/scoreboard players set @s ench_helmet 1"]
                }
            }
        },
        "controller.animation.enchantc": {
            "states": {
                "default": {
                    "transitions": [
                        {
                            "unenchantc": "query.armor_material_slot(1) == 0 || query.armor_material_slot(1) == 2"
                        },
                        {
                            "enchantc": "query.armor_material_slot(1) == 1 || query.armor_material_slot(1) == 3"
                        }
                    ]
                },
                "unenchantc": {
                    "transitions": [
                        {
                            "default": "(1.0)"
                        }
                    ],
                    "on_entry": ["/scoreboard players set @s ench_chest 0"]
                },
                "enchantc": {
                    "transitions": [
                        {
                            "default": "(1.0)"
                        }
                    ],
                    "on_entry": ["/scoreboard players set @s ench_chest 1"]
                }
            }
        },
        "controller.animation.enchantl": {
            "states": {
                "default": {
                    "transitions": [
                        {
                            "unenchantl": "query.armor_material_slot(2) == 0 || query.armor_material_slot(2) == 2"
                        },
                        {
                            "enchantl": "query.armor_material_slot(2) == 1 || query.armor_material_slot(2) == 3"
                        }
                    ]
                },
                "unenchantl": {
                    "transitions": [
                        {
                            "default": "(1.0)"
                        }
                    ],
                    "on_entry": ["/scoreboard players set @s ench_legs 0"]
                },
                "enchantl": {
                    "transitions": [
                        {
                            "default": "(1.0)"
                        }
                    ],
                    "on_entry": ["/scoreboard players set @s ench_legs 1"]
                }
            }
        },
        "controller.animation.enchantb": {
            "states": {
                "default": {
                    "transitions": [
                        {
                            "unenchantb": "query.armor_material_slot(3) == 0 || query.armor_material_slot(3) == 2"
                        },
                        {
                            "enchantb": "query.armor_material_slot(3) == 1 || query.armor_material_slot(3) == 3"
                        }
                    ]
                },
                "unenchantb": {
                    "transitions": [
                        {
                            "default": "(1.0)"
                        }
                    ],
                    "on_entry": ["/scoreboard players set @s ench_boots 0"]
                },
                "enchantb": {
                    "transitions": [
                        {
                            "default": "(1.0)"
                        }
                    ],
                    "on_entry": ["/scoreboard players set @s ench_boots 1"]
                }
            }
        },
        "controller.animation.helmet": {
            "states": {
                "default": {
                    "transitions": [
                        {
                            "noh": "!(query.has_armor_slot(0))"
                        },
                        {
                            "leatherh": "query.armor_texture_slot(0) == 0"
                        },
                        {
                            "chainh": "query.armor_texture_slot(0) == 1"
                        },
                        {
                            "ironh": "query.armor_texture_slot(0) == 2"
                        },
                        {
                            "diamondh": "query.armor_texture_slot(0) == 3"
                        },
                        {
                            "goldh": "query.armor_texture_slot(0) == 4"
                        },
                        {
                            "netheriteh": "query.armor_texture_slot(0) == 7"
                        },
                        {
                            "turtleh": "query.armor_texture_slot(0) == 6"
                        }
                    ]
                },
                "noh": {
                    "transitions": [
                        {
                            "netheriteh": "query.armor_texture_slot(0) == 7"
                        },
                        {
                            "goldh": "query.armor_texture_slot(0) == 4"
                        },
                        {
                            "diamondh": "query.armor_texture_slot(0) == 3"
                        },
                        {
                            "ironh": "query.armor_texture_slot(0) == 2"
                        },
                        {
                            "chainh": "query.armor_texture_slot(0) == 1"
                        },
                        {
                            "leatherh": "query.armor_texture_slot(0) == 0"
                        },
                        {
                            "turtleh": "query.armor_texture_slot(0) == 6"
                        }
                    ],
                    "on_entry": ["/scoreboard players set @s detect_helmet 0"]
                },
                "leatherh": {
                    "transitions": [
                        {
                            "goldh": "query.armor_texture_slot(0) == 4"
                        },
                        {
                            "diamondh": "query.armor_texture_slot(0) == 3"
                        },
                        {
                            "ironh": "query.armor_texture_slot(0) == 2"
                        },
                        {
                            "chainh": "query.armor_texture_slot(0) == 1"
                        },
                        {
                            "noh": "!(query.has_armor_slot(0))"
                        },
                        {
                            "netheriteh": "query.armor_texture_slot(0) == 7"
                        },
                        {
                            "turtleh": "query.armor_texture_slot(0) == 6"
                        }
                    ],
                    "on_entry": ["/scoreboard players set @s detect_helmet 1"]
                },
                "chainh": {
                    "transitions": [
                        {
                            "noh": "!(query.has_armor_slot(0))"
                        },
                        {
                            "leatherh": "query.armor_texture_slot(0) == 0"
                        },
                        {
                            "ironh": "query.armor_texture_slot(0) == 2"
                        },
                        {
                            "diamondh": "query.armor_texture_slot(0) == 3"
                        },
                        {
                            "goldh": "query.armor_texture_slot(0) == 4"
                        },
                        {
                            "netheriteh": "query.armor_texture_slot(0) == 7"
                        },
                        {
                            "turtleh": "query.armor_texture_slot(0) == 6"
                        }
                    ],
                    "on_entry": ["/scoreboard players set @s detect_helmet 2"]
                },
                "ironh": {
                    "transitions": [
                        {
                            "noh": "!(query.has_armor_slot(0))"
                        },
                        {
                            "leatherh": "query.armor_texture_slot(0) == 0"
                        },
                        {
                            "chainh": "query.armor_texture_slot(0) == 1"
                        },
                        {
                            "diamondh": "query.armor_texture_slot(0) == 3"
                        },
                        {
                            "goldh": "query.armor_texture_slot(0) == 4"
                        },
                        {
                            "netheriteh": "query.armor_texture_slot(0) == 7"
                        },
                        {
                            "turtleh": "query.armor_texture_slot(0) == 6"
                        }
                    ],
                    "on_entry": ["/scoreboard players set @s detect_helmet 3"]
                },
                "diamondh": {
                    "transitions": [
                        {
                            "noh": "!(query.has_armor_slot(0))"
                        },
                        {
                            "leatherh": "query.armor_texture_slot(0) == 0"
                        },
                        {
                            "chainh": "query.armor_texture_slot(0) == 1"
                        },
                        {
                            "ironh": "query.armor_texture_slot(0) == 2"
                        },
                        {
                            "goldh": "query.armor_texture_slot(0) == 4"
                        },
                        {
                            "netheriteh": "query.armor_texture_slot(0) == 7"
                        },
                        {
                            "turtleh": "query.armor_texture_slot(0) == 6"
                        }
                    ],
                    "on_entry": ["/scoreboard players set @s detect_helmet 5"]
                },
                "goldh": {
                    "transitions": [
                        {
                            "noh": "!(query.has_armor_slot(0))"
                        },
                        {
                            "leatherh": "query.armor_texture_slot(0) == 0"
                        },
                        {
                            "chainh": "query.armor_texture_slot(0) == 1"
                        },
                        {
                            "ironh": "query.armor_texture_slot(0) == 2"
                        },
                        {
                            "diamondh": "query.armor_texture_slot(0) == 3"
                        },
                        {
                            "netheriteh": "query.armor_texture_slot(0) == 7"
                        },
                        {
                            "turtleh": "query.armor_texture_slot(0) == 6"
                        }
                    ],
                    "on_entry": ["/scoreboard players set @s detect_helmet 4"]
                },
                "netheriteh": {
                    "transitions": [
                        {
                            "noh": "!(query.has_armor_slot(0))"
                        },
                        {
                            "leatherh": "query.armor_texture_slot(0) == 0"
                        },
                        {
                            "chainh": "query.armor_texture_slot(0) == 1"
                        },
                        {
                            "ironh": "query.armor_texture_slot(0) == 2"
                        },
                        {
                            "diamondh": "query.armor_texture_slot(0) == 3"
                        },
                        {
                            "goldh": "query.armor_texture_slot(0) == 4"
                        },
                        {
                            "turtleh": "query.armor_texture_slot(0) == 6"
                        }
                    ],
                    "on_entry": ["/scoreboard players set @s detect_helmet 6"]
                },
                "turtleh": {
                    "transitions": [
                        {
                            "noh": "!(query.has_armor_slot(0))"
                        },
                        {
                            "leatherh": "query.armor_texture_slot(0) == 0"
                        },
                        {
                            "chainh": "query.armor_texture_slot(0) == 1"
                        },
                        {
                            "ironh": "query.armor_texture_slot(0) == 2"
                        },
                        {
                            "diamondh": "query.armor_texture_slot(0) == 3"
                        },
                        {
                            "goldh": "query.armor_texture_slot(0) == 4"
                        },
                        {
                            "netheriteh": "query.armor_texture_slot(0) == 7"
                        }
                    ],
                    "on_entry": ["/scoreboard players set @s detect_helmet 7"]
                }
            }
        },
        "controller.animation.chest": {
            "states": {
                "default": {
                    "transitions": [
                        {
                            "noc": "!(query.has_armor_slot(1))"
                        },
                        {
                            "leatherc": "query.armor_texture_slot(1) == 0"
                        },
                        {
                            "chainc": "query.armor_texture_slot(1) == 1"
                        },
                        {
                            "ironc": "query.armor_texture_slot(1) == 2"
                        },
                        {
                            "diamondc": "query.armor_texture_slot(1) == 3"
                        },
                        {
                            "goldc": "query.armor_texture_slot(1) == 4"
                        },
                        {
                            "netheritec": "query.armor_texture_slot(1) == 7"
                        },
                        {
                            "elytrac": "query.armor_texture_slot(1) == 5"
                        }
                    ]
                },
                "noc": {
                    "transitions": [
                        {
                            "leatherc": "query.armor_texture_slot(1) == 0"
                        },
                        {
                            "chainc": "query.armor_texture_slot(1) == 1"
                        },
                        {
                            "ironc": "query.armor_texture_slot(1) == 2"
                        },
                        {
                            "diamondc": "query.armor_texture_slot(1) == 3"
                        },
                        {
                            "goldc": "query.armor_texture_slot(1) == 4"
                        },
                        {
                            "netheritec": "query.armor_texture_slot(1) == 7"
                        },
                        {
                            "elytrac": "query.armor_texture_slot(1) == 5"
                        }
                    ],
                    "on_entry": ["/scoreboard players set @s detect_chest 0"]
                },
                "leatherc": {
                    "transitions": [
                        {
                            "noc": "!(query.has_armor_slot(1))"
                        },
                        {
                            "chainc": "query.armor_texture_slot(1) == 1"
                        },
                        {
                            "ironc": "query.armor_texture_slot(1) == 2"
                        },
                        {
                            "diamondc": "query.armor_texture_slot(1) == 3"
                        },
                        {
                            "goldc": "query.armor_texture_slot(1) == 4"
                        },
                        {
                            "netheritec": "query.armor_texture_slot(1) == 7"
                        },
                        {
                            "elytrac": "query.armor_texture_slot(1) == 5"
                        }
                    ],
                    "on_entry": ["/scoreboard players set @s detect_chest 1"]
                },
                "chainc": {
                    "transitions": [
                        {
                            "noc": "!(query.has_armor_slot(1))"
                        },
                        {
                            "leatherc": "query.armor_texture_slot(1) == 0"
                        },
                        {
                            "ironc": "query.armor_texture_slot(1) == 2"
                        },
                        {
                            "diamondc": "query.armor_texture_slot(1) == 3"
                        },
                        {
                            "goldc": "query.armor_texture_slot(1) == 4"
                        },
                        {
                            "netheritec": "query.armor_texture_slot(1) == 7"
                        },
                        {
                            "elytrac": "query.armor_texture_slot(1) == 5"
                        }
                    ],
                    "on_entry": ["/scoreboard players set @s detect_chest 2"]
                },
                "ironc": {
                    "transitions": [
                        {
                            "noc": "!(query.has_armor_slot(1))"
                        },
                        {
                            "leatherc": "query.armor_texture_slot(1) == 0"
                        },
                        {
                            "chainc": "query.armor_texture_slot(1) == 1"
                        },
                        {
                            "diamondc": "query.armor_texture_slot(1) == 3"
                        },
                        {
                            "goldc": "query.armor_texture_slot(1) == 4"
                        },
                        {
                            "netheritec": "query.armor_texture_slot(1) == 7"
                        },
                        {
                            "elytrac": "query.armor_texture_slot(1) == 5"
                        }
                    ],
                    "on_entry": ["/scoreboard players set @s detect_chest 3"]
                },
                "diamondc": {
                    "transitions": [
                        {
                            "noc": "!(query.has_armor_slot(1))"
                        },
                        {
                            "leatherc": "query.armor_texture_slot(1) == 0"
                        },
                        {
                            "chainc": "query.armor_texture_slot(1) == 1"
                        },
                        {
                            "ironc": "query.armor_texture_slot(1) == 2"
                        },
                        {
                            "goldc": "query.armor_texture_slot(1) == 4"
                        },
                        {
                            "netheritec": "query.armor_texture_slot(1) == 7"
                        },
                        {
                            "elytrac": "query.armor_texture_slot(1) == 5"
                        }
                    ],
                    "on_entry": ["/scoreboard players set @s detect_chest 5"]
                },
                "goldc": {
                    "transitions": [
                        {
                            "noc": "!(query.has_armor_slot(1))"
                        },
                        {
                            "leatherc": "query.armor_texture_slot(1) == 0"
                        },
                        {
                            "chainc": "query.armor_texture_slot(1) == 1"
                        },
                        {
                            "ironc": "query.armor_texture_slot(1) == 2"
                        },
                        {
                            "diamondc": "query.armor_texture_slot(1) == 3"
                        },
                        {
                            "netheritec": "query.armor_texture_slot(1) == 7"
                        },
                        {
                            "elytrac": "query.armor_texture_slot(1) == 5"
                        }
                    ],
                    "on_entry": ["/scoreboard players set @s detect_chest 4"]
                },
                "netheritec": {
                    "transitions": [
                        {
                            "noc": "!(query.has_armor_slot(1))"
                        },
                        {
                            "leatherc": "query.armor_texture_slot(1) == 0"
                        },
                        {
                            "chainc": "query.armor_texture_slot(1) == 1"
                        },
                        {
                            "ironc": "query.armor_texture_slot(1) == 2"
                        },
                        {
                            "diamondc": "query.armor_texture_slot(1) == 3"
                        },
                        {
                            "goldc": "query.armor_texture_slot(1) == 4"
                        },
                        {
                            "elytrac": "query.armor_texture_slot(1) == 5"
                        }
                    ],
                    "on_entry": ["/scoreboard players set @s detect_chest 6"]
                },
                "elytrac": {
                    "transitions": [
                        {
                            "noc": "!(query.has_armor_slot(1))"
                        },
                        {
                            "leatherc": "query.armor_texture_slot(1) == 0"
                        },
                        {
                            "chainc": "query.armor_texture_slot(1) == 1"
                        },
                        {
                            "ironc": "query.armor_texture_slot(1) == 2"
                        },
                        {
                            "diamondc": "query.armor_texture_slot(1) == 3"
                        },
                        {
                            "goldc": "query.armor_texture_slot(1) == 4"
                        },
                        {
                            "netheritec": "query.armor_texture_slot(1) == 7"
                        }
                    ],
                    "on_entry": ["/scoreboard players set @s detect_chest 7"]
                }
            }
        },
        "controller.animation.leggings": {
            "states": {
                "default": {
                    "transitions": [
                        {
                            "nol": "!(query.has_armor_slot(2))"
                        },
                        {
                            "leatherl": "query.armor_texture_slot(2) == 0"
                        },
                        {
                            "chainl": "query.armor_texture_slot(2) == 1"
                        },
                        {
                            "ironl": "query.armor_texture_slot(2) == 2"
                        },
                        {
                            "diamondl": "query.armor_texture_slot(2) == 3"
                        },
                        {
                            "goldl": "query.armor_texture_slot(2) == 4"
                        },
                        {
                            "netheritel": "query.armor_texture_slot(2) == 7"
                        }
                    ]
                },
                "nol": {
                    "transitions": [
                        {
                            "leatherl": "query.armor_texture_slot(2) == 0"
                        },
                        {
                            "chainl": "query.armor_texture_slot(2) == 1"
                        },
                        {
                            "ironl": "query.armor_texture_slot(2) == 2"
                        },
                        {
                            "diamondl": "query.armor_texture_slot(2) == 3"
                        },
                        {
                            "goldl": "query.armor_texture_slot(2) == 4"
                        },
                        {
                            "netheritel": "query.armor_texture_slot(2) == 7"
                        }
                    ],
                    "on_entry": ["/scoreboard players set @s detect_leggings 0"]
                },
                "leatherl": {
                    "transitions": [
                        {
                            "nol": "!(query.has_armor_slot(2))"
                        },
                        {
                            "chainl": "query.armor_texture_slot(2) == 1"
                        },
                        {
                            "ironl": "query.armor_texture_slot(2) == 2"
                        },
                        {
                            "diamondl": "query.armor_texture_slot(2) == 3"
                        },
                        {
                            "goldl": "query.armor_texture_slot(2) == 4"
                        },
                        {
                            "netheritel": "query.armor_texture_slot(2) == 7"
                        }
                    ],
                    "on_entry": ["/scoreboard players set @s detect_leggings 1"]
                },
                "chainl": {
                    "transitions": [
                        {
                            "nol": "!(query.has_armor_slot(2))"
                        },
                        {
                            "leatherl": "query.armor_texture_slot(2) == 0"
                        },
                        {
                            "ironl": "query.armor_texture_slot(2) == 2"
                        },
                        {
                            "diamondl": "query.armor_texture_slot(2) == 3"
                        },
                        {
                            "goldl": "query.armor_texture_slot(2) == 4"
                        },
                        {
                            "netheritel": "query.armor_texture_slot(2) == 7"
                        }
                    ],
                    "on_entry": ["/scoreboard players set @s detect_leggings 2"]
                },
                "ironl": {
                    "transitions": [
                        {
                            "nol": "!(query.has_armor_slot(2))"
                        },
                        {
                            "leatherl": "query.armor_texture_slot(2) == 0"
                        },
                        {
                            "chainl": "query.armor_texture_slot(2) == 1"
                        },
                        {
                            "diamondl": "query.armor_texture_slot(2) == 3"
                        },
                        {
                            "goldl": "query.armor_texture_slot(2) == 4"
                        },
                        {
                            "netheritel": "query.armor_texture_slot(2) == 7"
                        }
                    ],
                    "on_entry": ["/scoreboard players set @s detect_leggings 3"]
                },
                "diamondl": {
                    "transitions": [
                        {
                            "nol": "!(query.has_armor_slot(2))"
                        },
                        {
                            "leatherl": "query.armor_texture_slot(2) == 0"
                        },
                        {
                            "chainl": "query.armor_texture_slot(2) == 1"
                        },
                        {
                            "ironl": "query.armor_texture_slot(2) == 2"
                        },
                        {
                            "goldl": "query.armor_texture_slot(2) == 4"
                        },
                        {
                            "netheritel": "query.armor_texture_slot(2) == 7"
                        }
                    ],
                    "on_entry": ["/scoreboard players set @s detect_leggings 5"]
                },
                "goldl": {
                    "transitions": [
                        {
                            "nol": "!(query.has_armor_slot(2))"
                        },
                        {
                            "leatherl": "query.armor_texture_slot(2) == 0"
                        },
                        {
                            "chainl": "query.armor_texture_slot(2) == 1"
                        },
                        {
                            "ironl": "query.armor_texture_slot(2) == 2"
                        },
                        {
                            "diamondl": "query.armor_texture_slot(2) == 3"
                        },
                        {
                            "netheritel": "query.armor_texture_slot(2) == 7"
                        }
                    ],
                    "on_entry": ["/scoreboard players set @s detect_leggings 4"]
                },
                "netheritel": {
                    "transitions": [
                        {
                            "nol": "!(query.has_armor_slot(2))"
                        },
                        {
                            "leatherl": "query.armor_texture_slot(2) == 0"
                        },
                        {
                            "chainl": "query.armor_texture_slot(2) == 1"
                        },
                        {
                            "ironl": "query.armor_texture_slot(2) == 2"
                        },
                        {
                            "diamondl": "query.armor_texture_slot(2) == 3"
                        },
                        {
                            "goldl": "query.armor_texture_slot(2) == 4"
                        }
                    ],
                    "on_entry": ["/scoreboard players set @s detect_leggings 6"]
                }
            }
        },
        "controller.animation.boots": {
            "states": {
                "default": {
                    "transitions": [
                        {
                            "nob": "!(query.has_armor_slot(3))"
                        },
                        {
                            "leatherb": "query.armor_texture_slot(3) == 0"
                        },
                        {
                            "chainb": "query.armor_texture_slot(3) == 1"
                        },
                        {
                            "ironb": "query.armor_texture_slot(3) == 2"
                        },
                        {
                            "diamondb": "query.armor_texture_slot(3) == 3"
                        },
                        {
                            "goldb": "query.armor_texture_slot(3) == 4"
                        },
                        {
                            "netheriteb": "query.armor_texture_slot(3) == 7"
                        }
                    ]
                },
                "nob": {
                    "transitions": [
                        {
                            "leatherb": "query.armor_texture_slot(3) == 0"
                        },
                        {
                            "chainb": "query.armor_texture_slot(3) == 1"
                        },
                        {
                            "ironb": "query.armor_texture_slot(3) == 2"
                        },
                        {
                            "diamondb": "query.armor_texture_slot(3) == 3"
                        },
                        {
                            "goldb": "query.armor_texture_slot(3) == 4"
                        },
                        {
                            "netheriteb": "query.armor_texture_slot(3) == 7"
                        }
                    ],
                    "on_entry": ["/scoreboard players set @s detect_boots 0"]
                },
                "leatherb": {
                    "transitions": [
                        {
                            "nob": "!(query.has_armor_slot(3))"
                        },
                        {
                            "chainb": "query.armor_texture_slot(3) == 1"
                        },
                        {
                            "ironb": "query.armor_texture_slot(3) == 2"
                        },
                        {
                            "diamondb": "query.armor_texture_slot(3) == 3"
                        },
                        {
                            "goldb": "query.armor_texture_slot(3) == 4"
                        },
                        {
                            "netheriteb": "query.armor_texture_slot(3) == 7"
                        }
                    ],
                    "on_entry": ["/scoreboard players set @s detect_boots 1"]
                },
                "chainb": {
                    "transitions": [
                        {
                            "nob": "!(query.has_armor_slot(3))"
                        },
                        {
                            "leatherb": "query.armor_texture_slot(3) == 0"
                        },
                        {
                            "ironb": "query.armor_texture_slot(3) == 2"
                        },
                        {
                            "diamondb": "query.armor_texture_slot(3) == 3"
                        },
                        {
                            "goldb": "query.armor_texture_slot(3) == 4"
                        },
                        {
                            "netheriteb": "query.armor_texture_slot(3) == 7"
                        }
                    ],
                    "on_entry": ["/scoreboard players set @s detect_boots 2"]
                },
                "ironb": {
                    "transitions": [
                        {
                            "nob": "!(query.has_armor_slot(3))"
                        },
                        {
                            "leatherb": "query.armor_texture_slot(3) == 0"
                        },
                        {
                            "chainb": "query.armor_texture_slot(3) == 1"
                        },
                        {
                            "diamondb": "query.armor_texture_slot(3) == 3"
                        },
                        {
                            "goldb": "query.armor_texture_slot(3) == 4"
                        },
                        {
                            "netheriteb": "query.armor_texture_slot(3) == 7"
                        }
                    ],
                    "on_entry": ["/scoreboard players set @s detect_boots 3"]
                },
                "diamondb": {
                    "transitions": [
                        {
                            "nob": "!(query.has_armor_slot(3))"
                        },
                        {
                            "leatherb": "query.armor_texture_slot(3) == 0"
                        },
                        {
                            "chainb": "query.armor_texture_slot(3) == 1"
                        },
                        {
                            "ironb": "query.armor_texture_slot(3) == 2"
                        },
                        {
                            "goldb": "query.armor_texture_slot(3) == 4"
                        },
                        {
                            "netheriteb": "query.armor_texture_slot(3) == 7"
                        }
                    ],
                    "on_entry": ["/scoreboard players set @s detect_boots 5"]
                },
                "goldb": {
                    "transitions": [
                        {
                            "nob": "!(query.has_armor_slot(3))"
                        },
                        {
                            "leatherb": "query.armor_texture_slot(3) == 0"
                        },
                        {
                            "chainb": "query.armor_texture_slot(3) == 1"
                        },
                        {
                            "ironb": "query.armor_texture_slot(3) == 2"
                        },
                        {
                            "diamondb": "query.armor_texture_slot(3) == 3"
                        },
                        {
                            "netheriteb": "query.armor_texture_slot(3) == 7"
                        }
                    ],
                    "on_entry": ["/scoreboard players set @s detect_boots 4"]
                },
                "netheriteb": {
                    "transitions": [
                        {
                            "nob": "!(query.has_armor_slot(3))"
                        },
                        {
                            "leatherb": "query.armor_texture_slot(3) == 0"
                        },
                        {
                            "chainb": "query.armor_texture_slot(3) == 1"
                        },
                        {
                            "ironb": "query.armor_texture_slot(3) == 2"
                        },
                        {
                            "diamondb": "query.armor_texture_slot(3) == 3"
                        },
                        {
                            "goldb": "query.armor_texture_slot(3) == 4"
                        }
                    ],
                    "on_entry": ["/scoreboard players set @s detect_boots 6"]
                }
            }
        },
        "controller.animation.swim": {
            "states": {
                "default": {
                    "transitions": [
                        {
                            "swim": "query.is_swimming || query.is_in_water"
                        }
                    ],
                    "on_entry": ["/tag @s remove swimming", "/tellraw @a[tag=packetlogger] {\"rawtext\":[{\"text\":\"§߈§r§4[§6Paradox§4]§r §bRecieved §6SWIM§r packet from: §g\"},{\"selector\":\"@s\"},{\"text\":\" §7(type=stop)\"}]}"]
                },
                "swim": {
                    "transitions": [
                        {
                            "default": "!query.is_swimming && !query.is_in_water"
                        }
                    ],
                    "on_entry": ["/tag @s add swimming", "/tellraw @a[tag=packetlogger] {\"rawtext\":[{\"text\":\"§߈§r§4[§6Paradox§4]§r §bRecieved §6SWIM§r packet from: §g\"},{\"selector\":\"@s\"},{\"text\":\" §7(type=start)\"}]}"]
                }
            }
        },
        "controller.animation.sleep": {
            "states": {
                "default": {
                    "transitions": [
                        {
                            "sleep": "query.is_sleeping"
                        }
                    ],
                    "on_entry": ["/tag @s remove sleeping", "/tellraw @a[tag=packetlogger] {\"rawtext\":[{\"text\":\"§߈§r§4[§6Paradox§4]§r §bRecieved §6SLEEP§r packet from: §g\"},{\"selector\":\"@s\"},{\"text\":\" §7(type=stop)\"}]}"]
                },
                "sleep": {
                    "transitions": [
                        {
                            "default": "!query.is_sleeping"
                        }
                    ],
                    "on_entry": ["/tag @s add sleeping", "/tellraw @a[tag=packetlogger] {\"rawtext\":[{\"text\":\"§߈§r§4[§6Paradox§4]§r §bRecieved §6SLEEP§r packet from: §g\"},{\"selector\":\"@s\"},{\"text\":\" §7(type=start)\"}]}"]
                }
            }
        }
    }
}
