{
    "format_version": "1.12.0",
    "minecraft:entity": {
        "events": {
            "paradox:kick": {
                "add": {
                    "component_groups": ["paradox:kick"]
                }
            }
        },
        "component_groups": {
            "paradox:kick": {
                "minecraft:instant_despawn": {
                    "remove_child_entities": true
                }
            }
        },
        "description": {
            "identifier": "minecraft:egg",
            "is_spawnable": false,
            "is_summonable": false,
            "is_experimental": false
        },
        "components": {
            "minecraft:collision_box": {
                "width": 0.25,
                "height": 0.25
            },
            "minecraft:projectile": {
                "on_hit": {
                    "impact_damage": {
                        "damage": 0,
                        "knockback": true,
                        "destroy_on_hit": true
                    },
                    "spawn_chance": {
                        "first_spawn_chance": 8,
                        "second_spawn_chance": 32,
                        "first_spawn_count": 1,
                        "second_spawn_count": 4,
                        "spawn_definition": "minecraft:chicken",
                        "spawn_baby": true
                    },
                    "remove_on_hit": {},
                    "particle_on_hit": {
                        "particle_type": "iconcrack",
                        "num_particles": 6,
                        "on_entity_hit": true,
                        "on_other_hit": true
                    }
                },
                "power": 1.5,
                "gravity": 0.03,
                "angle_offset": 0.0
            },
            "minecraft:physics": {},
            "minecraft:pushable": {
                "is_pushable": true,
                "is_pushable_by_piston": true
            },
            "minecraft:conditional_bandwidth_optimization": {
                "default_values": {
                    "max_optimized_distance": 80.0,
                    "max_dropped_ticks": 7,
                    "use_motion_prediction_hints": true
                }
            }
        }
    }
}
