{
    "format_version": "1.12.0",
    "minecraft:entity": {
        "description": {
            "identifier": "minecraft:ender_crystal",
            "is_spawnable": false,
            "is_summonable": false,
            "is_experimental": false
        },

        "component_groups": {
            "paradox:kick": {
                "minecraft:instant_despawn": {
                    "remove_child_entities": true
                }
            },
            "crystal_exploding": {
                "minecraft:explode": {
                    "fuse_length": 0,
                    "fuse_lit": true,
                    "power": 6,
                    "causes_fire": false,
                    "destroy_affected_by_griefing": true
                }
            }
        },

        "components": {
            "minecraft:collision_box": {
                "width": 2,
                "height": 2
            },
            "minecraft:health": {
                "value": 1,
                "max": 1
            },
            "minecraft:fire_immune": true,
            "minecraft:on_hurt": {
                "event": "minecraft:crystal_explode",
                "target": "self"
            },
            "minecraft:physics": {},
            "minecraft:pushable": {
                "is_pushable": true,
                "is_pushable_by_piston": true
            },
            "minecraft:conditional_bandwidth_optimization": {}
        },

        "events": {
            "paradox:kick": {
                "add": {
                    "component_groups": ["paradox:kick"]
                }
            },
            "minecraft:crystal_explode": {
                "remove": {},
                "add": {
                    "component_groups": ["crystal_exploding"]
                }
            }
        }
    }
}
