{
    "format_version": "1.13.0",
    "minecraft:entity": {
        "events": {
            "paradox:kick": {
                "add": {
                    "component_groups": ["paradox:kick"]
                }
            }
        },
        "component_groups": {
            "paradox:kick": {
                "minecraft:instant_despawn": {
                    "remove_child_entities": true
                }
            }
        },
        "description": {
            "identifier": "minecraft:tripod_camera",
            "is_spawnable": false,
            "is_summonable": false,
            "is_experimental": false
        },

        "components": {
            "minecraft:type_family": {
                "family": ["tripodcamera", "inanimate", "mob"]
            },
            "minecraft:health": {
                "value": 4,
                "max": 4
            },
            "minecraft:hurt_on_condition": {
                "damage_conditions": [
                    {
                        "filters": { "test": "in_lava", "subject": "self", "operator": "==", "value": true },
                        "cause": "lava",
                        "damage_per_tick": 4
                    }
                ]
            },
            "minecraft:loot": {
                "table": "loot_tables/empty.json"
            },
            "minecraft:collision_box": {
                "width": 0.75,
                "height": 1.8
            },
            "minecraft:physics": {},
            "minecraft:conditional_bandwidth_optimization": {}
        }
    }
}
