{
  "format_version": "1.12",
  "minecraft:recipe_shaped": {
    "description": {
      "identifier": "airwand_78627c9d"
    },
    "tags": [
      "crafting_table"
    ],
    "pattern": [
      "ABA",
      " C ",
      " D "
    ],
    "key": {
      "A": {
        "item": "minecraft:bone",
        "data": 0
      },
      "B": {
        "item": "minecraft:web",
        "data": 0
      },
      "C": {
        "item": "minecraft:phantom_membrane",
        "data": 0
      },
      "D": {
        "item": "minecraft:feather",
        "data": 0
      }
    },
    "result": {
      "item": "sw:airwand",
      "count": 1
    }
  }
}