{
  "format_version": "1.12",
  "minecraft:recipe_shaped": {
    "description": {
      "identifier": "firewand_994d92ee"
    },
    "tags": [
      "crafting_table"
    ],
    "pattern": [
      "ABA",
      "CDC",
      " C "
    ],
    "key": {
      "A": {
        "item": "minecraft:magma_cream",
        "data": 0
      },
      "B": {
        "item": "minecraft:gunpowder",
        "data": 0
      },
      "C": {
        "item": "minecraft:blaze_powder",
        "data": 0
      },
      "D": {
        "item": "minecraft:blaze_rod",
        "data": 0
      }
    },
    "result": {
      "item": "sw:firewand",
      "count": 1
    }
  }
}