{
  "format_version": "1.12",
  "minecraft:recipe_shaped": {
    "description": {
      "identifier": "frozenwand_0e96b33c"
    },
    "tags": [
      "crafting_table"
    ],
    "pattern": [
      "ABA",
      "CDC",
      " E "
    ],
    "key": {
      "A": {
        "item": "minecraft:conduit",
        "data": 0
      },
      "B": {
        "item": "minecraft:heart_of_the_sea",
        "data": 0
      },
      "C": {
        "item": "minecraft:blue_ice",
        "data": 0
      },
      "D": {
        "item": "minecraft:stick",
        "data": 0
      },
      "E": {
        "item": "minecraft:packed_ice",
        "data": 0
      }
    },
    "result": {
      "item": "sw:frozenwand",
      "count": 1
    }
  }
}