{
  "format_version": "1.12",
  "minecraft:recipe_shaped": {
    "description": {
      "identifier": "poisonouswand_55f7fa7f"
    },
    "tags": [
      "crafting_table"
    ],
    "pattern": [
      "ABA",
      "CDC",
      " E "
    ],
    "key": {
      "A": {
        "item": "minecraft:arrow",
        "data": 26
      },
      "B": {
        "item": "minecraft:potion",
        "data": 25
      },
      "C": {
        "item": "minecraft:twisting_vines",
        "data": 0
      },
      "D": {
        "item": "minecraft:stick",
        "data": 0
      },
      "E": {
        "item": "minecraft:poisonous_potato",
        "data": 0
      }
    },
    "result": {
      "item": "sw:poisonouswand",
      "count": 1
    }
  }
}