{
  "format_version": "1.12",
  "minecraft:recipe_shaped": {
    "description": {
      "identifier": "painfulwand_95a91979"
    },
    "tags": [
      "crafting_table"
    ],
    "pattern": [
      "ABA",
      "CDC",
      " E "
    ],
    "key": {
      "A": {
        "item": "minecraft:spider_eye",
        "data": 0
      },
      "B": {
        "item": "minecraft:potion",
        "data": 23
      },
      "C": {
        "item": "minecraft:arrow",
        "data": 24
      },
      "D": {
        "item": "minecraft:stick",
        "data": 0
      },
      "E": {
        "item": "minecraft:fermented_spider_eye",
        "data": 0
      }
    },
    "result": {
      "item": "sw:painfulwand",
      "count": 1
    }
  }
}