{
  "format_version": "1.12",
  "minecraft:recipe_shaped": {
    "description": {
      "identifier": "witherwand_21d2e4a8"
    },
    "tags": [
      "crafting_table"
    ],
    "pattern": [
      "ABA",
      " C ",
      " D "
    ],
    "key": {
      "A": {
        "item": "minecraft:arrow",
        "data": 37
      },
      "B": {
        "item": "minecraft:skull",
        "data": 1
      },
      "C": {
        "item": "minecraft:netherite_ingot",
        "data": 0
      },
      "D": {
        "item": "minecraft:wither_rose",
        "data": 0
      }
    },
    "result": {
      "item": "sw:witherwand",
      "count": 1
    }
  }
}