{
  "format_version": "1.12",
  "minecraft:recipe_shaped": {
    "description": {
      "identifier": "healingwandp_7fb56fc0"
    },
    "tags": [
      "crafting_table"
    ],
    "pattern": [
      "ABA",
      "CDC",
      " D "
    ],
    "key": {
      "A": {
        "item": "minecraft:amethyst_shard",
        "data": 0
      },
      "B": {
        "item": "minecraft:splash_potion",
        "data": 28
      },
      "C": {
        "item": "minecraft:arrow",
        "data": 29
      },
      "D": {
        "item": "minecraft:blaze_rod",
        "data": 0
      }
    },
    "result": {
      "item": "zk:healingwandp",
      "count": 1
    }
  }
}