{
  "format_version": "1.12",
  "minecraft:recipe_shaped": {
    "description": {
      "identifier": "regenerationwand_abeffabe"
    },
    "tags": [
      "crafting_table"
    ],
    "pattern": [
      " AB",
      "ACD",
      " E "
    ],
    "key": {
      "A": {
        "item": "minecraft:netherite_scrap",
        "data": 0
      },
      "B": {
        "item": "minecraft:netherite_ingot",
        "data": 0
      },
      "C": {
        "item": "minecraft:potion",
        "data": 28
      },
      "D": {
        "item": "minecraft:dye",
        "data": 1
      },
      "E": {
        "item": "minecraft:blaze_rod",
        "data": 0
      }
    },
    "result": {
      "item": "zk:regenerationwand",
      "count": 1
    }
  }
}